{
    "0.jpg": [
        [
            0.29541,
            0.46123
        ]
    ],
    "1.jpg": [
        [
            0.28665,
            0.54017
        ]
    ]
}